{"eval/loss": 0.1907890886068344, "eval/runtime": 123.1665, "eval/samples_per_second": 9.499, "eval/steps_per_second": 0.601, "train/global_step": 0, "_timestamp": 1694934176.8441076, "_runtime": 3.3668737411499023, "_step": 0, "_wandb": {"runtime": 4}}