{"eval/loss": 0.1907890886068344, "eval/runtime": 123.8203, "eval/samples_per_second": 9.449, "eval/steps_per_second": 0.598, "train/global_step": 27, "_timestamp": 1694934626.818118, "_runtime": 166.69699120521545, "_step": 28, "train/loss": -108.7756, "train/learning_rate": 0.0001, "train/epoch": 1.0, "train/impair_loss": 108.7756, "train/impair_unlearn_data_probs_mean": null, "train/train_runtime": 163.0397, "train/train_samples_per_second": 2631.262, "train/train_steps_per_second": 165.604, "train/total_flos": 2573977553731584.0, "train/train_loss": -65.63727915887203, "_wandb": {"runtime": 240}}